"Id","Path","Slice Name","Alias(s)","Label","Min","Max","Must Support?","Is Modifier?","Is Summary?","Type(s)","Short","Definition","Comments","Requirements","Default Value","Meaning When Missing","Fixed Value","Pattern","Example","Minimum Value","Maximum Value","Maximum Length","Binding Strength","Binding Description","Binding Value Set","Code","Slicing Discriminator","Slicing Description","Slicing Ordered","Slicing Rules","Base Path","Base Min","Base Max","Condition(s)","Constraint(s)","Mapping: HL7 v2 Mapping","Mapping: RIM Mapping","Mapping: CDA (R2)","Mapping: FiveWs Pattern Mapping"
"Bundle","Bundle","","","",0,*,"","","","null {[]} {[]}
","Contains a collection of resources","A container for a collection of resources.","","","","","","","","","",,,,,"",,,,"Bundle",0,*,"","bdl-7:FullUrl must be unique in a bundle, or else entries with the same fullUrl must have different meta.versionId (except in history bundles) {(type = 'history') or entry.where(fullUrl.exists()).select(fullUrl&resource.meta.versionId).isDistinct()}
bdl-9:A document must have an identifier with a system and a value {type = 'document' implies (identifier.system.exists() and identifier.value.exists())}bdl-3:entry.request mandatory for batch/transaction/history, otherwise prohibited {entry.all(request.exists() = (%resource.type = 'batch' or %resource.type = 'transaction' or %resource.type = 'history'))}bdl-4:entry.response mandatory for batch-response/transaction-response/history, otherwise prohibited {entry.all(response.exists() = (%resource.type = 'batch-response' or %resource.type = 'transaction-response' or %resource.type = 'history'))}bdl-12:A message must have a MessageHeader as the first resource {type = 'message' implies entry.first().resource.is(MessageHeader)}bdl-1:total only when a search or history {total.empty() or (type = 'searchset') or (type = 'history')}bdl-2:entry.search only when a search {entry.search.empty() or (type = 'searchset')}bdl-11:A document must have a Composition as the first resource {type = 'document' implies entry.first().resource.is(Composition)}bdl-10:A document must have a date {type = 'document' implies (timestamp.hasValue())}","N/A","Entity. Role, or Act","N/A","ClinicalDocument, if bundle.type = document"
"Bundle.id","Bundle.id","","","",0,1,"","","Y","id {[]} {[]}
","Logical id of this artifact","The logical id of the resource, as used in the URL for the resource. Once assigned, this value never changes.","The only time that a resource does not have an id is when it is being submitted to the server using a create operation.","","","","","","","","",,,,,"",,,,"Resource.id",0,1,"",""
"Bundle.meta","Bundle.meta","","","",0,1,"","","Y","Meta {[]} {[]}
","Metadata about the resource","The metadata about the resource. This is content that is maintained by the infrastructure. Changes to the content might not always be associated with version changes to the resource.","","","","","","","","","",,,,,"",,,,"Resource.meta",0,1,"ele-1
","ele-1:All FHIR elements must have a @value or children {hasValue() or (children().count() > id.count())}
","n/a","N/A"
"Bundle.implicitRules","Bundle.implicitRules","","","",0,1,"","Y","Y","uri {[]} {[]}
","A set of rules under which this content was created","A reference to a set of rules that were followed when the resource was constructed, and which must be understood when processing the content. Often, this is a reference to an implementation guide that defines the special rules along with other profiles etc.","Asserting this rule set restricts the content to be only understood by a limited set of trading partners. This inherently limits the usefulness of the data in the long term. However, the existing health eco-system is highly fractured, and not yet ready to define, collect, and exchange data in a generally computable sense. Wherever possible, implementers and/or specification writers should avoid using this element. Often, when used, the URL is a reference to an implementation guide that defines these special rules as part of it's narrative along with other profiles, value sets, etc.","","","","","","","","",,,,,"",,,,"Resource.implicitRules",0,1,"ele-1
","ele-1:All FHIR elements must have a @value or children {hasValue() or (children().count() > id.count())}
","n/a"
"Bundle.language","Bundle.language","","","",0,1,"","","","code {[]} {[]}
","Language of the resource content","The base language in which the resource is written.","Language is provided to support indexing and accessibility (typically, services such as text to speech use the language tag). The html language tag in the narrative applies  to the narrative. The language tag on the resource may be used to specify the language of other presentations generated from the data in the resource. Not all the content has to be in the base language. The Resource.language should not be assumed to apply to the narrative automatically. If a language is specified, it should it also be specified on the div element in the html (see rules in HTML5 for information about the relationship between xml:lang and the html lang attribute).","","","","","","","","",,"preferred","A human language.","http://hl7.org/fhir/ValueSet/languages","",,,,"Resource.language",0,1,"ele-1
","ele-1:All FHIR elements must have a @value or children {hasValue() or (children().count() > id.count())}
","n/a"
"Bundle.identifier","Bundle.identifier","","","",1,1,"","","Y","Identifier {[]} {[]}
","Persistent identifier for the bundle","A persistent identifier for the bundle that won't change as a bundle is copied from server to server.","Persistent identity generally only matters for batches of type Document, Message, and Collection. It would not normally be populated for search and history results and servers ignore Bundle.identifier when processing batches and transactions. For Documents  the .identifier SHALL be populated such that the .identifier is globally unique.","","","","","","","","",,,,,"",,,,"Bundle.identifier",0,1,"ele-1
","ele-1:All FHIR elements must have a @value or children {hasValue() or (children().count() > id.count())}
","CX / EI (occasionally, more often EI maps to a resource id or a URL)","n/a","II - The Identifier class is a little looser than the v3 type II because it allows URIs as well as registered OIDs or GUIDs.  Also maps to Role[classCode=IDENT]","ClinicalDocument.id","FiveWs.identifier"
"Bundle.identifier.id","Bundle.identifier.id","","","",0,1,"","","","string {[]} {[]}
","Unique id for inter-element referencing","Unique id for the element within a resource (for internal references). This may be any string value that does not contain spaces.","","","","","","","","","",,,,,"",,,,"Element.id",0,1,"","","n/a"
"Bundle.identifier.extension","Bundle.identifier.extension","","extensions
user content","",0,*,"","","","Extension {[]} {[]}
","Additional content defined by implementations","May be used to represent additional information that is not part of the basic definition of the element. To make the use of extensions safe and manageable, there is a strict set of governance  applied to the definition and use of extensions. Though any implementer can define an extension, there is a set of requirements that SHALL be met as part of the definition of the extension.","There can be no stigma associated with the use of extensions by any application, project, or standard - regardless of the institution or jurisdiction that uses or defines the extensions.  The use of extensions is what allows the FHIR specification to retain a core level of simplicity for everyone.","","","","","","","","",,,,,"","value:url}
","Extensions are always sliced by (at least) url",,"open","Element.extension",0,*,"ele-1
","ele-1:All FHIR elements must have a @value or children {hasValue() or (children().count() > id.count())}
ext-1:Must have either extensions or value[x], not both {extension.exists() != value.exists()}","n/a","N/A"
"Bundle.identifier.extension:certificateNumber","Bundle.identifier.extension","certificateNumber","","",0,1,"","","","Extension {[CanonicalType[http://hl7.org/fhir/us/vr-common-library/StructureDefinition/CertificateNumber]]} {[]}
","Certificate Number","Certificate number. Six digit number.  Leading zeroes are optional.","","","","","","","","","",,,,,"",,,,"Element.extension",0,*,"ele-1
","ele-1:All FHIR elements must have a @value or children {hasValue() or (children().count() > id.count())}
ext-1:Must have either extensions or value[x], not both {extension.exists() != value.exists()}"
"Bundle.identifier.extension:auxiliaryStateIdentifier1","Bundle.identifier.extension","auxiliaryStateIdentifier1","","",0,1,"","","","Extension {[CanonicalType[http://hl7.org/fhir/us/vr-common-library/StructureDefinition/AuxiliaryStateIdentifier1]]} {[]}
","Auxiliary State Identifier1 Vital Records","The first of two twelve character strings associated by the submitted jurisdiction with a specific certificate number. Identifier1 can be provided separately, or with Identifier2","","","","","","","","","",,,,,"",,,,"Element.extension",0,*,"ele-1
","ele-1:All FHIR elements must have a @value or children {hasValue() or (children().count() > id.count())}
ext-1:Must have either extensions or value[x], not both {extension.exists() != value.exists()}"
"Bundle.identifier.extension:auxiliaryStateIdentifier2","Bundle.identifier.extension","auxiliaryStateIdentifier2","","",0,1,"","","","Extension {[CanonicalType[http://hl7.org/fhir/us/vr-common-library/StructureDefinition/AuxiliaryStateIdentifier2]]} {[]}
","Auxiliary State Identifier2 Vital Records","The second of two twelve character strings associated by the submitted jurisdiction with a specific certificate number. Identifier2 can be provided separately, or with Identifier1.","","","","","","","","","",,,,,"",,,,"Element.extension",0,*,"ele-1
","ele-1:All FHIR elements must have a @value or children {hasValue() or (children().count() > id.count())}
ext-1:Must have either extensions or value[x], not both {extension.exists() != value.exists()}"
"Bundle.identifier.use","Bundle.identifier.use","","","",0,1,"","Y","Y","code {[]} {[]}
","usual | official | temp | secondary | old (If known)","The purpose of this identifier.","Applications can assume that an identifier is permanent unless it explicitly says that it is temporary.","Allows the appropriate identifier for a particular context of use to be selected from among a set of identifiers.","","","","","","","",,"required","Identifies the purpose for this identifier, if known .","http://hl7.org/fhir/ValueSet/identifier-use|4.0.1","",,,,"Identifier.use",0,1,"ele-1
","ele-1:All FHIR elements must have a @value or children {hasValue() or (children().count() > id.count())}
","N/A","n/a","Role.code or implied by context"
"Bundle.identifier.type","Bundle.identifier.type","","","",0,1,"","","Y","CodeableConcept {[]} {[]}
","Description of identifier","A coded type for the identifier that can be used to determine which identifier to use for a specific purpose.","This element deals only with general categories of identifiers.  It SHOULD not be used for codes that correspond 1..1 with the Identifier.system. Some identifiers may fall into multiple categories due to common usage.   Where the system is known, a type is unnecessary because the type is always part of the system definition. However systems often need to handle identifiers where the system is not known. There is not a 1:1 relationship between type and system, since many different systems have the same type.","Allows users to make use of identifiers when the identifier system is not known.","","","","","","","",,"extensible","A coded type for an identifier that can be used to determine which identifier to use for a specific purpose.","http://hl7.org/fhir/ValueSet/identifier-type","",,,,"Identifier.type",0,1,"ele-1
","ele-1:All FHIR elements must have a @value or children {hasValue() or (children().count() > id.count())}
","CE/CNE/CWE","CX.5","n/a","CD","Role.code or implied by context"
"Bundle.identifier.system","Bundle.identifier.system","","","",0,1,"","","Y","uri {[]} {[]}
","The namespace for the identifier value","Establishes the namespace for the value - that is, a URL that describes a set values that are unique.","Identifier.system is always case sensitive.","There are many sets  of identifiers.  To perform matching of two identifiers, we need to know what set we're dealing with. The system identifies a particular set of unique identifiers.","","","","","<valueUri xmlns=""http://hl7.org/fhir"" value=""http://www.acme.com/identifiers/patient""/>","","",,,,,"",,,,"Identifier.system",0,1,"ele-1
","ele-1:All FHIR elements must have a @value or children {hasValue() or (children().count() > id.count())}
","CX.4 / EI-2-4","n/a","II.root or Role.id.root"
"Bundle.identifier.value","Bundle.identifier.value","","","",0,1,"","","Y","string {[]} {[]}
","Death Record Identifier (YYYYJJNNNNNN)","A unique value used by the NCHS to identify a death record. The NCHS uniquely identifies death records by combining three concepts: the year of death (as a four digit number), the jurisdiction of death (as a two character jurisdiction identifier), and the death certificate number assigned by the jurisdiction (a number with up to six digits, left padded with zeros). ","If the value is a full URI, then the system SHALL be urn:ietf:rfc:3986.  The value's primary purpose is computational mapping.  As a result, it may be normalized for comparison purposes (e.g. removing non-significant whitespace, dashes, etc.)  A value formatted for human display can be conveyed using the [Rendered Value extension](http://hl7.org/fhir/R4/extension-rendered-value.html). Identifier.value is to be treated as case sensitive unless knowledge of the Identifier.system allows the processer to be confident that non-case-sensitive processing is safe.","","","","","","<valueString xmlns=""http://hl7.org/fhir"" value=""123456""/>","","",12,,,,"",,,,"Identifier.value",0,1,"ele-1
","ele-1:All FHIR elements must have a @value or children {hasValue() or (children().count() > id.count())}
","CX.1 / EI.1","n/a","II.extension or II.root if system indicates OID or GUID (Or Role.id.extension or root)"
"Bundle.identifier.period","Bundle.identifier.period","","","",0,1,"","","Y","Period {[]} {[]}
","Time period when id is/was valid for use","Time period during which identifier is/was valid for use.","A Period specifies a range of time; the context of use will specify whether the entire range applies (e.g. ""the patient was an inpatient of the hospital for this time range"") or one value from the range applies (e.g. ""give to the patient between these two times"").

Period is not used for a duration (a measure of elapsed time). See [Duration](http://hl7.org/fhir/R4/datatypes.html#Duration).","","","","","","","","",,,,,"",,,,"Identifier.period",0,1,"ele-1
","ele-1:All FHIR elements must have a @value or children {hasValue() or (children().count() > id.count())}
per-1:If present, start SHALL have a lower value than end {start.hasValue().not() or end.hasValue().not() or (start <= end)}","DR","CX.7 + CX.8","n/a","IVL<TS>[lowClosed=""true"" and highClosed=""true""] or URG<TS>[lowClosed=""true"" and highClosed=""true""]","Role.effectiveTime or implied by context"
"Bundle.identifier.assigner","Bundle.identifier.assigner","","","",0,1,"","","Y","Reference {[]} {[CanonicalType[http://hl7.org/fhir/StructureDefinition/Organization]]}
","Organization that issued id (may be just text)","Organization that issued/manages the identifier.","The Identifier.assigner may omit the .reference element and only contain a .display element reflecting the name or other textual information about the assigning organization.","","","","","","","","",,,,,"",,,,"Identifier.assigner",0,1,"ele-1
","ele-1:All FHIR elements must have a @value or children {hasValue() or (children().count() > id.count())}
ref-1:SHALL have a contained resource if a local reference is provided {reference.startsWith('#').not() or (reference.substring(1).trace('url') in %rootResource.contained.id.trace('ids'))}","CX.4 / (CX.4,CX.9,CX.10)","n/a","The target of a resource reference is a RIM entry point (Act, Role, or Entity)","II.assigningAuthorityName but note that this is an improper use by the definition of the field.  Also Role.scoper"
"Bundle.type","Bundle.type","","","",1,1,"","","Y","code {[]} {[]}
","document | message | transaction | transaction-response | batch | batch-response | history | searchset | collection","Indicates the purpose of this bundle - how it is intended to be used.","It's possible to use a bundle for other purposes (e.g. a document can be accepted as a transaction). This is primarily defined so that there can be specific rules for some of the bundle types.","","","","<valueCode xmlns=""http://hl7.org/fhir"" value=""collection""/>","","","","",,"required","Indicates the purpose of a bundle - how it is intended to be used.","http://hl7.org/fhir/ValueSet/bundle-type|4.0.1","",,,,"Bundle.type",1,1,"ele-1
","ele-1:All FHIR elements must have a @value or children {hasValue() or (children().count() > id.count())}
","n/a","FiveWs.class"
"Bundle.timestamp","Bundle.timestamp","","","",0,1,"","","Y","instant {[]} {[]}
","When the bundle was assembled","The date/time that the bundle was assembled - i.e. when the resources were placed in the bundle.","For many bundles, the timestamp is equal to .meta.lastUpdated, because they are not stored (e.g. search results). When a bundle is placed in a persistent store, .meta.lastUpdated will be usually be changed by the server. When the bundle is a message, a middleware agent altering the message (even if not stored) SHOULD update .meta.lastUpdated. .timestamp is used to track the original time of the Bundle, and SHOULD be populated.  

Usage:

* document : the date the document was created. Note: the composition may predate the document, or be associated with multiple documents. The date of the composition - the authoring time - may be earlier than the document assembly time
* message : the date that the content of the message was assembled. This date is not changed by middleware engines unless they add additional data that changes the meaning of the time of the message
* history : the date that the history was assembled. This time would be used as the _since time to ask for subsequent updates
* searchset : the time that the search set was assembled. Note that different pages MAY have different timestamps but need not. Having different timestamps does not imply that subsequent pages will represent or include changes made since the initial query
* transaction | transaction-response | batch | batch-response | collection : no particular assigned meaning

The timestamp value should be greater than the lastUpdated and other timestamps in the resources in the bundle, and it should be equal or earlier than the .meta.lastUpdated on the Bundle itself.","","","","","","","","",,,,,"",,,,"Bundle.timestamp",0,1,"ele-1
","ele-1:All FHIR elements must have a @value or children {hasValue() or (children().count() > id.count())}
","n/a","ClinicalDocument.effectiveTime","FiveWs.init"
"Bundle.total","Bundle.total","","","",0,1,"","","Y","unsignedInt {[]} {[]}
","If search, the total number of matches","If a set of search matches, this is the total number of entries of type 'match' across all pages in the search.  It does not include search.mode = 'include' or 'outcome' entries and it does not provide a count of the number of entries in the Bundle.","Only used if the bundle is a search result set. The total does not include resources such as OperationOutcome and included resources, only the total number of matching resources.","","","","","","","","",,,,,"",,,,"Bundle.total",0,1,"ele-1
bdl-1","ele-1:All FHIR elements must have a @value or children {hasValue() or (children().count() > id.count())}
","n/a"
"Bundle.link","Bundle.link","","","",0,*,"","","Y","BackboneElement {[]} {[]}
","Links related to this Bundle","A series of links that provide context to this bundle.","Both Bundle.link and Bundle.entry.link are defined to support providing additional context when Bundles are used (e.g. [HATEOAS](http://en.wikipedia.org/wiki/HATEOAS)). 

Bundle.entry.link corresponds to links found in the HTTP header if the resource in the entry was [read](http://hl7.org/fhir/R4/http.html#read) directly.

This specification defines some specific uses of Bundle.link for [searching](http://hl7.org/fhir/R4/search.html#conformance) and [paging](http://hl7.org/fhir/R4/http.html#paging), but no specific uses for Bundle.entry.link, and no defined function in a transaction - the meaning is implementation specific.","","","","","","","","",,,,,"",,,,"Bundle.link",0,*,"ele-1
","ele-1:All FHIR elements must have a @value or children {hasValue() or (children().count() > id.count())}
","n/a"
"Bundle.link.id","Bundle.link.id","","","",0,1,"","","","string {[]} {[]}
","Unique id for inter-element referencing","Unique id for the element within a resource (for internal references). This may be any string value that does not contain spaces.","","","","","","","","","",,,,,"",,,,"Element.id",0,1,"","","n/a"
"Bundle.link.extension","Bundle.link.extension","","extensions
user content","",0,*,"","","","Extension {[]} {[]}
","Additional content defined by implementations","May be used to represent additional information that is not part of the basic definition of the element. To make the use of extensions safe and manageable, there is a strict set of governance  applied to the definition and use of extensions. Though any implementer can define an extension, there is a set of requirements that SHALL be met as part of the definition of the extension.","There can be no stigma associated with the use of extensions by any application, project, or standard - regardless of the institution or jurisdiction that uses or defines the extensions.  The use of extensions is what allows the FHIR specification to retain a core level of simplicity for everyone.","","","","","","","","",,,,,"","value:url}
","Extensions are always sliced by (at least) url",,"open","Element.extension",0,*,"ele-1
","ele-1:All FHIR elements must have a @value or children {hasValue() or (children().count() > id.count())}
ext-1:Must have either extensions or value[x], not both {extension.exists() != value.exists()}","n/a","N/A"
"Bundle.link.modifierExtension","Bundle.link.modifierExtension","","extensions
user contentmodifiers","",0,*,"","Y","Y","Extension {[]} {[]}
","Extensions that cannot be ignored even if unrecognized","May be used to represent additional information that is not part of the basic definition of the element and that modifies the understanding of the element in which it is contained and/or the understanding of the containing element's descendants. Usually modifier elements provide negation or qualification. To make the use of extensions safe and manageable, there is a strict set of governance applied to the definition and use of extensions. Though any implementer can define an extension, there is a set of requirements that SHALL be met as part of the definition of the extension. Applications processing a resource are required to check for modifier extensions.

Modifier extensions SHALL NOT change the meaning of any elements on Resource or DomainResource (including cannot change the meaning of modifierExtension itself).","There can be no stigma associated with the use of extensions by any application, project, or standard - regardless of the institution or jurisdiction that uses or defines the extensions.  The use of extensions is what allows the FHIR specification to retain a core level of simplicity for everyone.","Modifier extensions allow for extensions that *cannot* be safely ignored to be clearly distinguished from the vast majority of extensions which can be safely ignored.  This promotes interoperability by eliminating the need for implementers to prohibit the presence of extensions. For further information, see the [definition of modifier extensions](http://hl7.org/fhir/R4/extensibility.html#modifierExtension).","","","","","","","",,,,,"",,,,"BackboneElement.modifierExtension",0,*,"ele-1
","ele-1:All FHIR elements must have a @value or children {hasValue() or (children().count() > id.count())}
ext-1:Must have either extensions or value[x], not both {extension.exists() != value.exists()}","n/a","N/A"
"Bundle.link.relation","Bundle.link.relation","","","",1,1,"","","Y","string {[]} {[]}
","See http://www.iana.org/assignments/link-relations/link-relations.xhtml#link-relations-1","A name which details the functional use for this link - see [http://www.iana.org/assignments/link-relations/link-relations.xhtml#link-relations-1](http://www.iana.org/assignments/link-relations/link-relations.xhtml#link-relations-1).","Note that FHIR strings SHALL NOT exceed 1MB in size","","","","","","","","",,,,,"",,,,"Bundle.link.relation",1,1,"ele-1
","ele-1:All FHIR elements must have a @value or children {hasValue() or (children().count() > id.count())}
","n/a"
"Bundle.link.url","Bundle.link.url","","","",1,1,"","","Y","uri {[]} {[]}
","Reference details for the link","The reference details for the link.","see http://en.wikipedia.org/wiki/Uniform_resource_identifier","","","","","","","","",,,,,"",,,,"Bundle.link.url",1,1,"ele-1
","ele-1:All FHIR elements must have a @value or children {hasValue() or (children().count() > id.count())}
","n/a"
"Bundle.entry","Bundle.entry","","","",0,*,"","","Y","BackboneElement {[]} {[]}
","Entry in the bundle - will have a resource or information","An entry in a bundle resource - will either contain a resource or information about a resource (transactions and history only).","","","","","","","","","",,,,,"","profile:resource}
","Slicing based on the profile",,"open","Bundle.entry",0,*,"ele-1
","ele-1:All FHIR elements must have a @value or children {hasValue() or (children().count() > id.count())}
bdl-8:fullUrl cannot be a version specific reference {fullUrl.contains('/_history/').not()}bdl-5:must be a resource unless there's a request or response {resource.exists() or request.exists() or response.exists()}","n/a"
"Bundle.entry.id","Bundle.entry.id","","","",0,1,"","","","string {[]} {[]}
","Unique id for inter-element referencing","Unique id for the element within a resource (for internal references). This may be any string value that does not contain spaces.","","","","","","","","","",,,,,"",,,,"Element.id",0,1,"","","n/a"
"Bundle.entry.extension","Bundle.entry.extension","","extensions
user content","",0,*,"","","","Extension {[]} {[]}
","Additional content defined by implementations","May be used to represent additional information that is not part of the basic definition of the element. To make the use of extensions safe and manageable, there is a strict set of governance  applied to the definition and use of extensions. Though any implementer can define an extension, there is a set of requirements that SHALL be met as part of the definition of the extension.","There can be no stigma associated with the use of extensions by any application, project, or standard - regardless of the institution or jurisdiction that uses or defines the extensions.  The use of extensions is what allows the FHIR specification to retain a core level of simplicity for everyone.","","","","","","","","",,,,,"","value:url}
","Extensions are always sliced by (at least) url",,"open","Element.extension",0,*,"ele-1
","ele-1:All FHIR elements must have a @value or children {hasValue() or (children().count() > id.count())}
ext-1:Must have either extensions or value[x], not both {extension.exists() != value.exists()}","n/a","N/A"
"Bundle.entry.modifierExtension","Bundle.entry.modifierExtension","","extensions
user contentmodifiers","",0,*,"","Y","Y","Extension {[]} {[]}
","Extensions that cannot be ignored even if unrecognized","May be used to represent additional information that is not part of the basic definition of the element and that modifies the understanding of the element in which it is contained and/or the understanding of the containing element's descendants. Usually modifier elements provide negation or qualification. To make the use of extensions safe and manageable, there is a strict set of governance applied to the definition and use of extensions. Though any implementer can define an extension, there is a set of requirements that SHALL be met as part of the definition of the extension. Applications processing a resource are required to check for modifier extensions.

Modifier extensions SHALL NOT change the meaning of any elements on Resource or DomainResource (including cannot change the meaning of modifierExtension itself).","There can be no stigma associated with the use of extensions by any application, project, or standard - regardless of the institution or jurisdiction that uses or defines the extensions.  The use of extensions is what allows the FHIR specification to retain a core level of simplicity for everyone.","Modifier extensions allow for extensions that *cannot* be safely ignored to be clearly distinguished from the vast majority of extensions which can be safely ignored.  This promotes interoperability by eliminating the need for implementers to prohibit the presence of extensions. For further information, see the [definition of modifier extensions](http://hl7.org/fhir/R4/extensibility.html#modifierExtension).","","","","","","","",,,,,"",,,,"BackboneElement.modifierExtension",0,*,"ele-1
","ele-1:All FHIR elements must have a @value or children {hasValue() or (children().count() > id.count())}
ext-1:Must have either extensions or value[x], not both {extension.exists() != value.exists()}","n/a","N/A"
"Bundle.entry.link","Bundle.entry.link","","","",0,*,"","","Y","null {[]} {[]}
","Links related to this entry","A series of links that provide context to this entry.","","","","","","","","","",,,,,"",,,,"Bundle.entry.link",0,*,"",""
"Bundle.entry.fullUrl","Bundle.entry.fullUrl","","","",0,1,"","","Y","uri {[]} {[]}
","URI for resource (Absolute URL server address or URI for UUID/OID)","The Absolute URL for the resource.  The fullUrl SHALL NOT disagree with the id in the resource - i.e. if the fullUrl is not a urn:uuid, the URL shall be version-independent URL consistent with the Resource.id. The fullUrl is a version independent reference to the resource. The fullUrl element SHALL have a value except that: 
* fullUrl can be empty on a POST (although it does not need to when specifying a temporary id for reference in the bundle)
* Results from operations might involve resources that are not identified.","fullUrl might not be [unique in the context of a resource](bundle.html#bundle-unique). Note that since [FHIR resources do not need to be served through the FHIR API](http://hl7.org/fhir/R4/references.html), the fullURL might be a URN or an absolute URL that does not end with the logical id of the resource (Resource.id). However, but if the fullUrl does look like a RESTful server URL (e.g. meets the [regex](http://hl7.org/fhir/R4/references.html#regex), then the 'id' portion of the fullUrl SHALL end with the Resource.id.

Note that the fullUrl is not the same as the canonical URL - it's an absolute url for an endpoint serving the resource (these will happen to have the same value on the canonical server for the resource with the canonical URL).","","","","","","","","",,,,,"",,,,"Bundle.entry.fullUrl",0,1,"ele-1
","ele-1:All FHIR elements must have a @value or children {hasValue() or (children().count() > id.count())}
","n/a"
"Bundle.entry.resource","Bundle.entry.resource","","","",1,1,"","","Y","Resource {[]} {[]}
","A resource in the bundle","The Resource for the entry. The purpose/meaning of the resource is determined by the Bundle.type.","","","","","","","","","",,,,,"",,,,"Bundle.entry.resource",0,1,"","","Entity. Role, or Act"
"Bundle.entry.search","Bundle.entry.search","","","",0,1,"","","Y","BackboneElement {[]} {[]}
","Search related information","Information about the search process that lead to the creation of this entry.","","","","","","","","","",,,,,"",,,,"Bundle.entry.search",0,1,"ele-1
bdl-2","ele-1:All FHIR elements must have a @value or children {hasValue() or (children().count() > id.count())}
","n/a"
"Bundle.entry.search.id","Bundle.entry.search.id","","","",0,1,"","","","string {[]} {[]}
","Unique id for inter-element referencing","Unique id for the element within a resource (for internal references). This may be any string value that does not contain spaces.","","","","","","","","","",,,,,"",,,,"Element.id",0,1,"","","n/a"
"Bundle.entry.search.extension","Bundle.entry.search.extension","","extensions
user content","",0,*,"","","","Extension {[]} {[]}
","Additional content defined by implementations","May be used to represent additional information that is not part of the basic definition of the element. To make the use of extensions safe and manageable, there is a strict set of governance  applied to the definition and use of extensions. Though any implementer can define an extension, there is a set of requirements that SHALL be met as part of the definition of the extension.","There can be no stigma associated with the use of extensions by any application, project, or standard - regardless of the institution or jurisdiction that uses or defines the extensions.  The use of extensions is what allows the FHIR specification to retain a core level of simplicity for everyone.","","","","","","","","",,,,,"","value:url}
","Extensions are always sliced by (at least) url",,"open","Element.extension",0,*,"ele-1
","ele-1:All FHIR elements must have a @value or children {hasValue() or (children().count() > id.count())}
ext-1:Must have either extensions or value[x], not both {extension.exists() != value.exists()}","n/a","N/A"
"Bundle.entry.search.modifierExtension","Bundle.entry.search.modifierExtension","","extensions
user contentmodifiers","",0,*,"","Y","Y","Extension {[]} {[]}
","Extensions that cannot be ignored even if unrecognized","May be used to represent additional information that is not part of the basic definition of the element and that modifies the understanding of the element in which it is contained and/or the understanding of the containing element's descendants. Usually modifier elements provide negation or qualification. To make the use of extensions safe and manageable, there is a strict set of governance applied to the definition and use of extensions. Though any implementer can define an extension, there is a set of requirements that SHALL be met as part of the definition of the extension. Applications processing a resource are required to check for modifier extensions.

Modifier extensions SHALL NOT change the meaning of any elements on Resource or DomainResource (including cannot change the meaning of modifierExtension itself).","There can be no stigma associated with the use of extensions by any application, project, or standard - regardless of the institution or jurisdiction that uses or defines the extensions.  The use of extensions is what allows the FHIR specification to retain a core level of simplicity for everyone.","Modifier extensions allow for extensions that *cannot* be safely ignored to be clearly distinguished from the vast majority of extensions which can be safely ignored.  This promotes interoperability by eliminating the need for implementers to prohibit the presence of extensions. For further information, see the [definition of modifier extensions](http://hl7.org/fhir/R4/extensibility.html#modifierExtension).","","","","","","","",,,,,"",,,,"BackboneElement.modifierExtension",0,*,"ele-1
","ele-1:All FHIR elements must have a @value or children {hasValue() or (children().count() > id.count())}
ext-1:Must have either extensions or value[x], not both {extension.exists() != value.exists()}","n/a","N/A"
"Bundle.entry.search.mode","Bundle.entry.search.mode","","","",0,1,"","","Y","code {[]} {[]}
","match | include | outcome - why this is in the result set","Why this entry is in the result set - whether it's included as a match or because of an _include requirement, or to convey information or warning information about the search process.","There is only one mode. In some corner cases, a resource may be included because it is both a match and an include. In these circumstances, 'match' takes precedence.","","","","","","","","",,"required","Why an entry is in the result set - whether it's included as a match or because of an _include requirement, or to convey information or warning information about the search process.","http://hl7.org/fhir/ValueSet/search-entry-mode|4.0.1","",,,,"Bundle.entry.search.mode",0,1,"ele-1
","ele-1:All FHIR elements must have a @value or children {hasValue() or (children().count() > id.count())}
","n/a"
"Bundle.entry.search.score","Bundle.entry.search.score","","","",0,1,"","","Y","decimal {[]} {[]}
","Search ranking (between 0 and 1)","When searching, the server's search ranking score for the entry.","Servers are not required to return a ranking score. 1 is most relevant, and 0 is least relevant. Often, search results are sorted by score, but the client may specify a different sort order.

See [Patient Match](http://hl7.org/fhir/R4/patient-operation-match.html) for the EMPI search which relates to this element.","","","","","","","","",,,,,"",,,,"Bundle.entry.search.score",0,1,"ele-1
","ele-1:All FHIR elements must have a @value or children {hasValue() or (children().count() > id.count())}
","n/a"
"Bundle.entry.request","Bundle.entry.request","","","",0,1,"","","Y","BackboneElement {[]} {[]}
","Additional execution information (transaction/batch/history)","Additional information about how this entry should be processed as part of a transaction or batch.  For history, it shows how the entry was processed to create the version contained in the entry.","","","","","","","","","",,,,,"",,,,"Bundle.entry.request",0,1,"ele-1
bdl-3","ele-1:All FHIR elements must have a @value or children {hasValue() or (children().count() > id.count())}
","n/a"
"Bundle.entry.request.id","Bundle.entry.request.id","","","",0,1,"","","","string {[]} {[]}
","Unique id for inter-element referencing","Unique id for the element within a resource (for internal references). This may be any string value that does not contain spaces.","","","","","","","","","",,,,,"",,,,"Element.id",0,1,"","","n/a"
"Bundle.entry.request.extension","Bundle.entry.request.extension","","extensions
user content","",0,*,"","","","Extension {[]} {[]}
","Additional content defined by implementations","May be used to represent additional information that is not part of the basic definition of the element. To make the use of extensions safe and manageable, there is a strict set of governance  applied to the definition and use of extensions. Though any implementer can define an extension, there is a set of requirements that SHALL be met as part of the definition of the extension.","There can be no stigma associated with the use of extensions by any application, project, or standard - regardless of the institution or jurisdiction that uses or defines the extensions.  The use of extensions is what allows the FHIR specification to retain a core level of simplicity for everyone.","","","","","","","","",,,,,"","value:url}
","Extensions are always sliced by (at least) url",,"open","Element.extension",0,*,"ele-1
","ele-1:All FHIR elements must have a @value or children {hasValue() or (children().count() > id.count())}
ext-1:Must have either extensions or value[x], not both {extension.exists() != value.exists()}","n/a","N/A"
"Bundle.entry.request.modifierExtension","Bundle.entry.request.modifierExtension","","extensions
user contentmodifiers","",0,*,"","Y","Y","Extension {[]} {[]}
","Extensions that cannot be ignored even if unrecognized","May be used to represent additional information that is not part of the basic definition of the element and that modifies the understanding of the element in which it is contained and/or the understanding of the containing element's descendants. Usually modifier elements provide negation or qualification. To make the use of extensions safe and manageable, there is a strict set of governance applied to the definition and use of extensions. Though any implementer can define an extension, there is a set of requirements that SHALL be met as part of the definition of the extension. Applications processing a resource are required to check for modifier extensions.

Modifier extensions SHALL NOT change the meaning of any elements on Resource or DomainResource (including cannot change the meaning of modifierExtension itself).","There can be no stigma associated with the use of extensions by any application, project, or standard - regardless of the institution or jurisdiction that uses or defines the extensions.  The use of extensions is what allows the FHIR specification to retain a core level of simplicity for everyone.","Modifier extensions allow for extensions that *cannot* be safely ignored to be clearly distinguished from the vast majority of extensions which can be safely ignored.  This promotes interoperability by eliminating the need for implementers to prohibit the presence of extensions. For further information, see the [definition of modifier extensions](http://hl7.org/fhir/R4/extensibility.html#modifierExtension).","","","","","","","",,,,,"",,,,"BackboneElement.modifierExtension",0,*,"ele-1
","ele-1:All FHIR elements must have a @value or children {hasValue() or (children().count() > id.count())}
ext-1:Must have either extensions or value[x], not both {extension.exists() != value.exists()}","n/a","N/A"
"Bundle.entry.request.method","Bundle.entry.request.method","","","",1,1,"","","Y","code {[]} {[]}
","GET | HEAD | POST | PUT | DELETE | PATCH","In a transaction or batch, this is the HTTP action to be executed for this entry. In a history bundle, this indicates the HTTP action that occurred.","Note that FHIR strings SHALL NOT exceed 1MB in size","","","","","","","","",,"required","HTTP verbs (in the HTTP command line). See [HTTP rfc](https://tools.ietf.org/html/rfc7231) for details.","http://hl7.org/fhir/ValueSet/http-verb|4.0.1","",,,,"Bundle.entry.request.method",1,1,"ele-1
","ele-1:All FHIR elements must have a @value or children {hasValue() or (children().count() > id.count())}
","n/a"
"Bundle.entry.request.url","Bundle.entry.request.url","","","",1,1,"","","Y","uri {[]} {[]}
","URL for HTTP equivalent of this entry","The URL for this entry, relative to the root (the address to which the request is posted).","E.g. for a Patient Create, the method would be ""POST"" and the URL would be ""Patient"". For a Patient Update, the method would be PUT and the URL would be ""Patient/[id]"".","","","","","","","","",,,,,"",,,,"Bundle.entry.request.url",1,1,"ele-1
","ele-1:All FHIR elements must have a @value or children {hasValue() or (children().count() > id.count())}
","n/a"
"Bundle.entry.request.ifNoneMatch","Bundle.entry.request.ifNoneMatch","","","",0,1,"","","Y","string {[]} {[]}
","For managing cache currency","If the ETag values match, return a 304 Not Modified status. See the API documentation for [""Conditional Read""](http://hl7.org/fhir/R4/http.html#cread).","Note that FHIR strings SHALL NOT exceed 1MB in size","","","","","","","","",,,,,"",,,,"Bundle.entry.request.ifNoneMatch",0,1,"ele-1
","ele-1:All FHIR elements must have a @value or children {hasValue() or (children().count() > id.count())}
","n/a"
"Bundle.entry.request.ifModifiedSince","Bundle.entry.request.ifModifiedSince","","","",0,1,"","","Y","instant {[]} {[]}
","For managing cache currency","Only perform the operation if the last updated date matches. See the API documentation for [""Conditional Read""](http://hl7.org/fhir/R4/http.html#cread).","Note: This is intended for where precisely observed times are required, typically system logs etc., and not human-reported times - for them, see date and dateTime (which can be as precise as instant, but is not required to be) below. Time zone is always required","","","","","","","","",,,,,"",,,,"Bundle.entry.request.ifModifiedSince",0,1,"ele-1
","ele-1:All FHIR elements must have a @value or children {hasValue() or (children().count() > id.count())}
","n/a"
"Bundle.entry.request.ifMatch","Bundle.entry.request.ifMatch","","","",0,1,"","","Y","string {[]} {[]}
","For managing update contention","Only perform the operation if the Etag value matches. For more information, see the API section [""Managing Resource Contention""](http://hl7.org/fhir/R4/http.html#concurrency).","Note that FHIR strings SHALL NOT exceed 1MB in size","","","","","","","","",,,,,"",,,,"Bundle.entry.request.ifMatch",0,1,"ele-1
","ele-1:All FHIR elements must have a @value or children {hasValue() or (children().count() > id.count())}
","n/a"
"Bundle.entry.request.ifNoneExist","Bundle.entry.request.ifNoneExist","","","",0,1,"","","Y","string {[]} {[]}
","For conditional creates","Instruct the server not to perform the create if a specified resource already exists. For further information, see the API documentation for [""Conditional Create""](http://hl7.org/fhir/R4/http.html#ccreate). This is just the query portion of the URL - what follows the ""?"" (not including the ""?"").","Note that FHIR strings SHALL NOT exceed 1MB in size","","","","","","","","",,,,,"",,,,"Bundle.entry.request.ifNoneExist",0,1,"ele-1
","ele-1:All FHIR elements must have a @value or children {hasValue() or (children().count() > id.count())}
","n/a"
"Bundle.entry.response","Bundle.entry.response","","","",0,1,"","","Y","BackboneElement {[]} {[]}
","Results of execution (transaction/batch/history)","Indicates the results of processing the corresponding 'request' entry in the batch or transaction being responded to or what the results of an operation where when returning history.","","","","","","","","","",,,,,"",,,,"Bundle.entry.response",0,1,"ele-1
bdl-4","ele-1:All FHIR elements must have a @value or children {hasValue() or (children().count() > id.count())}
","n/a"
"Bundle.entry.response.id","Bundle.entry.response.id","","","",0,1,"","","","string {[]} {[]}
","Unique id for inter-element referencing","Unique id for the element within a resource (for internal references). This may be any string value that does not contain spaces.","","","","","","","","","",,,,,"",,,,"Element.id",0,1,"","","n/a"
"Bundle.entry.response.extension","Bundle.entry.response.extension","","extensions
user content","",0,*,"","","","Extension {[]} {[]}
","Additional content defined by implementations","May be used to represent additional information that is not part of the basic definition of the element. To make the use of extensions safe and manageable, there is a strict set of governance  applied to the definition and use of extensions. Though any implementer can define an extension, there is a set of requirements that SHALL be met as part of the definition of the extension.","There can be no stigma associated with the use of extensions by any application, project, or standard - regardless of the institution or jurisdiction that uses or defines the extensions.  The use of extensions is what allows the FHIR specification to retain a core level of simplicity for everyone.","","","","","","","","",,,,,"","value:url}
","Extensions are always sliced by (at least) url",,"open","Element.extension",0,*,"ele-1
","ele-1:All FHIR elements must have a @value or children {hasValue() or (children().count() > id.count())}
ext-1:Must have either extensions or value[x], not both {extension.exists() != value.exists()}","n/a","N/A"
"Bundle.entry.response.modifierExtension","Bundle.entry.response.modifierExtension","","extensions
user contentmodifiers","",0,*,"","Y","Y","Extension {[]} {[]}
","Extensions that cannot be ignored even if unrecognized","May be used to represent additional information that is not part of the basic definition of the element and that modifies the understanding of the element in which it is contained and/or the understanding of the containing element's descendants. Usually modifier elements provide negation or qualification. To make the use of extensions safe and manageable, there is a strict set of governance applied to the definition and use of extensions. Though any implementer can define an extension, there is a set of requirements that SHALL be met as part of the definition of the extension. Applications processing a resource are required to check for modifier extensions.

Modifier extensions SHALL NOT change the meaning of any elements on Resource or DomainResource (including cannot change the meaning of modifierExtension itself).","There can be no stigma associated with the use of extensions by any application, project, or standard - regardless of the institution or jurisdiction that uses or defines the extensions.  The use of extensions is what allows the FHIR specification to retain a core level of simplicity for everyone.","Modifier extensions allow for extensions that *cannot* be safely ignored to be clearly distinguished from the vast majority of extensions which can be safely ignored.  This promotes interoperability by eliminating the need for implementers to prohibit the presence of extensions. For further information, see the [definition of modifier extensions](http://hl7.org/fhir/R4/extensibility.html#modifierExtension).","","","","","","","",,,,,"",,,,"BackboneElement.modifierExtension",0,*,"ele-1
","ele-1:All FHIR elements must have a @value or children {hasValue() or (children().count() > id.count())}
ext-1:Must have either extensions or value[x], not both {extension.exists() != value.exists()}","n/a","N/A"
"Bundle.entry.response.status","Bundle.entry.response.status","","","",1,1,"","","Y","string {[]} {[]}
","Status response code (text optional)","The status code returned by processing this entry. The status SHALL start with a 3 digit HTTP code (e.g. 404) and may contain the standard HTTP description associated with the status code.","Note that FHIR strings SHALL NOT exceed 1MB in size","","","","","","","","",,,,,"",,,,"Bundle.entry.response.status",1,1,"ele-1
","ele-1:All FHIR elements must have a @value or children {hasValue() or (children().count() > id.count())}
","n/a"
"Bundle.entry.response.location","Bundle.entry.response.location","","","",0,1,"","","Y","uri {[]} {[]}
","The location (if the operation returns a location)","The location header created by processing this operation, populated if the operation returns a location.","see http://en.wikipedia.org/wiki/Uniform_resource_identifier","","","","","","","","",,,,,"",,,,"Bundle.entry.response.location",0,1,"ele-1
","ele-1:All FHIR elements must have a @value or children {hasValue() or (children().count() > id.count())}
","n/a"
"Bundle.entry.response.etag","Bundle.entry.response.etag","","","",0,1,"","","Y","string {[]} {[]}
","The Etag for the resource (if relevant)","The Etag for the resource, if the operation for the entry produced a versioned resource (see [Resource Metadata and Versioning](http://hl7.org/fhir/R4/http.html#versioning) and [Managing Resource Contention](http://hl7.org/fhir/R4/http.html#concurrency)).","Etags match the Resource.meta.versionId. The ETag has to match the version id in the header if a resource is included.","","","","","","","","",,,,,"",,,,"Bundle.entry.response.etag",0,1,"ele-1
","ele-1:All FHIR elements must have a @value or children {hasValue() or (children().count() > id.count())}
","n/a"
"Bundle.entry.response.lastModified","Bundle.entry.response.lastModified","","","",0,1,"","","Y","instant {[]} {[]}
","Server's date time modified","The date/time that the resource was modified on the server.","This has to match the same time in the meta header (meta.lastUpdated) if a resource is included.","","","","","","","","",,,,,"",,,,"Bundle.entry.response.lastModified",0,1,"ele-1
","ele-1:All FHIR elements must have a @value or children {hasValue() or (children().count() > id.count())}
","n/a"
"Bundle.entry.response.outcome","Bundle.entry.response.outcome","","","",0,1,"","","Y","Resource {[]} {[]}
","OperationOutcome with hints and warnings (for batch/transaction)","An OperationOutcome containing hints and warnings produced as part of processing this entry in a batch or transaction.","For a POST/PUT operation, this is the equivalent outcome that would be returned for prefer = operationoutcome - except that the resource is always returned whether or not the outcome is returned.

This outcome is not used for error responses in batch/transaction, only for hints and warnings. In a batch operation, the error will be in Bundle.entry.response, and for transaction, there will be a single OperationOutcome instead of a bundle in the case of an error.","","","","","","","","",,,,,"",,,,"Bundle.entry.response.outcome",0,1,"","","Entity. Role, or Act"
"Bundle.entry:CodedIndustryAndOccupation","Bundle.entry","CodedIndustryAndOccupation","","",0,1,"","","Y","BackboneElement {[]} {[]}
","DecedentUsualWork","DecedentUsualWork","","","","","","","","","",,,,,"",,,,"Bundle.entry",0,*,"ele-1
","ele-1:All FHIR elements must have a @value or children {hasValue() or (children().count() > id.count())}
bdl-8:fullUrl cannot be a version specific reference {fullUrl.contains('/_history/').not()}bdl-5:must be a resource unless there's a request or response {resource.exists() or request.exists() or response.exists()}","n/a"
"Bundle.entry:CodedIndustryAndOccupation.id","Bundle.entry.id","","","",0,1,"","","","string {[]} {[]}
","Unique id for inter-element referencing","Unique id for the element within a resource (for internal references). This may be any string value that does not contain spaces.","","","","","","","","","",,,,,"",,,,"Element.id",0,1,"","","n/a"
"Bundle.entry:CodedIndustryAndOccupation.extension","Bundle.entry.extension","","extensions
user content","",0,*,"","","","Extension {[]} {[]}
","Additional content defined by implementations","May be used to represent additional information that is not part of the basic definition of the element. To make the use of extensions safe and manageable, there is a strict set of governance  applied to the definition and use of extensions. Though any implementer can define an extension, there is a set of requirements that SHALL be met as part of the definition of the extension.","There can be no stigma associated with the use of extensions by any application, project, or standard - regardless of the institution or jurisdiction that uses or defines the extensions.  The use of extensions is what allows the FHIR specification to retain a core level of simplicity for everyone.","","","","","","","","",,,,,"","value:url}
","Extensions are always sliced by (at least) url",,"open","Element.extension",0,*,"ele-1
","ele-1:All FHIR elements must have a @value or children {hasValue() or (children().count() > id.count())}
ext-1:Must have either extensions or value[x], not both {extension.exists() != value.exists()}","n/a","N/A"
"Bundle.entry:CodedIndustryAndOccupation.modifierExtension","Bundle.entry.modifierExtension","","extensions
user contentmodifiers","",0,*,"","Y","Y","Extension {[]} {[]}
","Extensions that cannot be ignored even if unrecognized","May be used to represent additional information that is not part of the basic definition of the element and that modifies the understanding of the element in which it is contained and/or the understanding of the containing element's descendants. Usually modifier elements provide negation or qualification. To make the use of extensions safe and manageable, there is a strict set of governance applied to the definition and use of extensions. Though any implementer can define an extension, there is a set of requirements that SHALL be met as part of the definition of the extension. Applications processing a resource are required to check for modifier extensions.

Modifier extensions SHALL NOT change the meaning of any elements on Resource or DomainResource (including cannot change the meaning of modifierExtension itself).","There can be no stigma associated with the use of extensions by any application, project, or standard - regardless of the institution or jurisdiction that uses or defines the extensions.  The use of extensions is what allows the FHIR specification to retain a core level of simplicity for everyone.","Modifier extensions allow for extensions that *cannot* be safely ignored to be clearly distinguished from the vast majority of extensions which can be safely ignored.  This promotes interoperability by eliminating the need for implementers to prohibit the presence of extensions. For further information, see the [definition of modifier extensions](http://hl7.org/fhir/R4/extensibility.html#modifierExtension).","","","","","","","",,,,,"",,,,"BackboneElement.modifierExtension",0,*,"ele-1
","ele-1:All FHIR elements must have a @value or children {hasValue() or (children().count() > id.count())}
ext-1:Must have either extensions or value[x], not both {extension.exists() != value.exists()}","n/a","N/A"
"Bundle.entry:CodedIndustryAndOccupation.link","Bundle.entry.link","","","",0,*,"","","Y","null {[]} {[]}
","Links related to this entry","A series of links that provide context to this entry.","","","","","","","","","",,,,,"",,,,"Bundle.entry.link",0,*,"",""
"Bundle.entry:CodedIndustryAndOccupation.fullUrl","Bundle.entry.fullUrl","","","",0,1,"","","Y","uri {[]} {[]}
","URI for resource (Absolute URL server address or URI for UUID/OID)","The Absolute URL for the resource.  The fullUrl SHALL NOT disagree with the id in the resource - i.e. if the fullUrl is not a urn:uuid, the URL shall be version-independent URL consistent with the Resource.id. The fullUrl is a version independent reference to the resource. The fullUrl element SHALL have a value except that: 
* fullUrl can be empty on a POST (although it does not need to when specifying a temporary id for reference in the bundle)
* Results from operations might involve resources that are not identified.","fullUrl might not be [unique in the context of a resource](bundle.html#bundle-unique). Note that since [FHIR resources do not need to be served through the FHIR API](http://hl7.org/fhir/R4/references.html), the fullURL might be a URN or an absolute URL that does not end with the logical id of the resource (Resource.id). However, but if the fullUrl does look like a RESTful server URL (e.g. meets the [regex](http://hl7.org/fhir/R4/references.html#regex), then the 'id' portion of the fullUrl SHALL end with the Resource.id.

Note that the fullUrl is not the same as the canonical URL - it's an absolute url for an endpoint serving the resource (these will happen to have the same value on the canonical server for the resource with the canonical URL).","","","","","","","","",,,,,"",,,,"Bundle.entry.fullUrl",0,1,"ele-1
","ele-1:All FHIR elements must have a @value or children {hasValue() or (children().count() > id.count())}
","n/a"
"Bundle.entry:CodedIndustryAndOccupation.resource","Bundle.entry.resource","","Vital Signs
MeasurementResultsTests","",0,1,"","","","Observation {[CanonicalType[http://hl7.org/fhir/us/vrdr/StructureDefinition/vrdr-decedent-usual-work]]} {[]}
","Usual Work","Related data elements about the work a person reports having performed for the longest amount of time during his or her life, regardless of the persons current job and regardless of whether or not the person performed this work for a continuous time. Knowledge of persons Usual Work can potentially assist in diagnosis, treatment and/or prevention of chronic condition(s) or conditions with a long latency. The potential for exposure to Occupational Hazard(s) related to an Occupation and/or an Industry can change over time, and a person could have been in and out of their Usual Work over time, so additional data are helpful to fully evaluate the possible impact of the persons Usual Work on their health and guide appropriate use of screening tests to detect early disease. Example: a person has worked for a total of 30 years as a building carpenter (Occupation), but in various industries, mostly hotel construction. Her Usual Occupation is building carpenter and her Usual Industry is hotel construction. Usual Work does not include work that was unpaid or voluntary.","Used for simple observations such as device measurements, laboratory atomic results, vital signs, height, weight, smoking status, comments, etc.  Other resources are used to provide context for observations such as laboratory reports, etc.","","","","","","","","",,,,,"",,,,"Bundle.entry.resource",0,1,"","dom-2:If the resource is contained in another resource, it SHALL NOT contain nested Resources {contained.contained.empty()}
dom-3:If the resource is contained in another resource, it SHALL be referred to from elsewhere in the resource or SHALL refer to the containing resource {contained.where((('#'+id in (%resource.descendants().reference | %resource.descendants().as(canonical) | %resource.descendants().as(uri) | %resource.descendants().as(url))) or descendants().where(reference = '#').exists() or descendants().where(as(canonical) = '#').exists() or descendants().where(as(canonical) = '#').exists()).not()).trace('unmatched', id).empty()}dom-4:If a resource is contained in another resource, it SHALL NOT have a meta.versionId or a meta.lastUpdated {contained.meta.versionId.empty() and contained.meta.lastUpdated.empty()}dom-5:If a resource is contained in another resource, it SHALL NOT have a security label {contained.meta.security.empty()}dom-6:A resource should have narrative for robust management {text.`div`.exists()}obs-6:dataAbsentReason SHALL only be present if Observation.value[x] is not present {dataAbsentReason.empty() or value.empty()}obs-7:If Observation.code is the same as an Observation.component.code then the value element associated with the code SHALL NOT be present {value.empty() or component.code.where(coding.intersect(%resource.code.coding).exists()).empty()}","OBX","Entity. Role, or Act","Observation[classCode=OBS, moodCode=EVN]"
"Bundle.entry:CodedIndustryAndOccupation.search","Bundle.entry.search","","","",0,1,"","","Y","BackboneElement {[]} {[]}
","Search related information","Information about the search process that lead to the creation of this entry.","","","","","","","","","",,,,,"",,,,"Bundle.entry.search",0,1,"ele-1
bdl-2","ele-1:All FHIR elements must have a @value or children {hasValue() or (children().count() > id.count())}
","n/a"
"Bundle.entry:CodedIndustryAndOccupation.search.id","Bundle.entry.search.id","","","",0,1,"","","","string {[]} {[]}
","Unique id for inter-element referencing","Unique id for the element within a resource (for internal references). This may be any string value that does not contain spaces.","","","","","","","","","",,,,,"",,,,"Element.id",0,1,"","","n/a"
"Bundle.entry:CodedIndustryAndOccupation.search.extension","Bundle.entry.search.extension","","extensions
user content","",0,*,"","","","Extension {[]} {[]}
","Additional content defined by implementations","May be used to represent additional information that is not part of the basic definition of the element. To make the use of extensions safe and manageable, there is a strict set of governance  applied to the definition and use of extensions. Though any implementer can define an extension, there is a set of requirements that SHALL be met as part of the definition of the extension.","There can be no stigma associated with the use of extensions by any application, project, or standard - regardless of the institution or jurisdiction that uses or defines the extensions.  The use of extensions is what allows the FHIR specification to retain a core level of simplicity for everyone.","","","","","","","","",,,,,"","value:url}
","Extensions are always sliced by (at least) url",,"open","Element.extension",0,*,"ele-1
","ele-1:All FHIR elements must have a @value or children {hasValue() or (children().count() > id.count())}
ext-1:Must have either extensions or value[x], not both {extension.exists() != value.exists()}","n/a","N/A"
"Bundle.entry:CodedIndustryAndOccupation.search.modifierExtension","Bundle.entry.search.modifierExtension","","extensions
user contentmodifiers","",0,*,"","Y","Y","Extension {[]} {[]}
","Extensions that cannot be ignored even if unrecognized","May be used to represent additional information that is not part of the basic definition of the element and that modifies the understanding of the element in which it is contained and/or the understanding of the containing element's descendants. Usually modifier elements provide negation or qualification. To make the use of extensions safe and manageable, there is a strict set of governance applied to the definition and use of extensions. Though any implementer can define an extension, there is a set of requirements that SHALL be met as part of the definition of the extension. Applications processing a resource are required to check for modifier extensions.

Modifier extensions SHALL NOT change the meaning of any elements on Resource or DomainResource (including cannot change the meaning of modifierExtension itself).","There can be no stigma associated with the use of extensions by any application, project, or standard - regardless of the institution or jurisdiction that uses or defines the extensions.  The use of extensions is what allows the FHIR specification to retain a core level of simplicity for everyone.","Modifier extensions allow for extensions that *cannot* be safely ignored to be clearly distinguished from the vast majority of extensions which can be safely ignored.  This promotes interoperability by eliminating the need for implementers to prohibit the presence of extensions. For further information, see the [definition of modifier extensions](http://hl7.org/fhir/R4/extensibility.html#modifierExtension).","","","","","","","",,,,,"",,,,"BackboneElement.modifierExtension",0,*,"ele-1
","ele-1:All FHIR elements must have a @value or children {hasValue() or (children().count() > id.count())}
ext-1:Must have either extensions or value[x], not both {extension.exists() != value.exists()}","n/a","N/A"
"Bundle.entry:CodedIndustryAndOccupation.search.mode","Bundle.entry.search.mode","","","",0,1,"","","Y","code {[]} {[]}
","match | include | outcome - why this is in the result set","Why this entry is in the result set - whether it's included as a match or because of an _include requirement, or to convey information or warning information about the search process.","There is only one mode. In some corner cases, a resource may be included because it is both a match and an include. In these circumstances, 'match' takes precedence.","","","","","","","","",,"required","Why an entry is in the result set - whether it's included as a match or because of an _include requirement, or to convey information or warning information about the search process.","http://hl7.org/fhir/ValueSet/search-entry-mode|4.0.1","",,,,"Bundle.entry.search.mode",0,1,"ele-1
","ele-1:All FHIR elements must have a @value or children {hasValue() or (children().count() > id.count())}
","n/a"
"Bundle.entry:CodedIndustryAndOccupation.search.score","Bundle.entry.search.score","","","",0,1,"","","Y","decimal {[]} {[]}
","Search ranking (between 0 and 1)","When searching, the server's search ranking score for the entry.","Servers are not required to return a ranking score. 1 is most relevant, and 0 is least relevant. Often, search results are sorted by score, but the client may specify a different sort order.

See [Patient Match](http://hl7.org/fhir/R4/patient-operation-match.html) for the EMPI search which relates to this element.","","","","","","","","",,,,,"",,,,"Bundle.entry.search.score",0,1,"ele-1
","ele-1:All FHIR elements must have a @value or children {hasValue() or (children().count() > id.count())}
","n/a"
"Bundle.entry:CodedIndustryAndOccupation.request","Bundle.entry.request","","","",0,1,"","","Y","BackboneElement {[]} {[]}
","Additional execution information (transaction/batch/history)","Additional information about how this entry should be processed as part of a transaction or batch.  For history, it shows how the entry was processed to create the version contained in the entry.","","","","","","","","","",,,,,"",,,,"Bundle.entry.request",0,1,"ele-1
bdl-3","ele-1:All FHIR elements must have a @value or children {hasValue() or (children().count() > id.count())}
","n/a"
"Bundle.entry:CodedIndustryAndOccupation.request.id","Bundle.entry.request.id","","","",0,1,"","","","string {[]} {[]}
","Unique id for inter-element referencing","Unique id for the element within a resource (for internal references). This may be any string value that does not contain spaces.","","","","","","","","","",,,,,"",,,,"Element.id",0,1,"","","n/a"
"Bundle.entry:CodedIndustryAndOccupation.request.extension","Bundle.entry.request.extension","","extensions
user content","",0,*,"","","","Extension {[]} {[]}
","Additional content defined by implementations","May be used to represent additional information that is not part of the basic definition of the element. To make the use of extensions safe and manageable, there is a strict set of governance  applied to the definition and use of extensions. Though any implementer can define an extension, there is a set of requirements that SHALL be met as part of the definition of the extension.","There can be no stigma associated with the use of extensions by any application, project, or standard - regardless of the institution or jurisdiction that uses or defines the extensions.  The use of extensions is what allows the FHIR specification to retain a core level of simplicity for everyone.","","","","","","","","",,,,,"","value:url}
","Extensions are always sliced by (at least) url",,"open","Element.extension",0,*,"ele-1
","ele-1:All FHIR elements must have a @value or children {hasValue() or (children().count() > id.count())}
ext-1:Must have either extensions or value[x], not both {extension.exists() != value.exists()}","n/a","N/A"
"Bundle.entry:CodedIndustryAndOccupation.request.modifierExtension","Bundle.entry.request.modifierExtension","","extensions
user contentmodifiers","",0,*,"","Y","Y","Extension {[]} {[]}
","Extensions that cannot be ignored even if unrecognized","May be used to represent additional information that is not part of the basic definition of the element and that modifies the understanding of the element in which it is contained and/or the understanding of the containing element's descendants. Usually modifier elements provide negation or qualification. To make the use of extensions safe and manageable, there is a strict set of governance applied to the definition and use of extensions. Though any implementer can define an extension, there is a set of requirements that SHALL be met as part of the definition of the extension. Applications processing a resource are required to check for modifier extensions.

Modifier extensions SHALL NOT change the meaning of any elements on Resource or DomainResource (including cannot change the meaning of modifierExtension itself).","There can be no stigma associated with the use of extensions by any application, project, or standard - regardless of the institution or jurisdiction that uses or defines the extensions.  The use of extensions is what allows the FHIR specification to retain a core level of simplicity for everyone.","Modifier extensions allow for extensions that *cannot* be safely ignored to be clearly distinguished from the vast majority of extensions which can be safely ignored.  This promotes interoperability by eliminating the need for implementers to prohibit the presence of extensions. For further information, see the [definition of modifier extensions](http://hl7.org/fhir/R4/extensibility.html#modifierExtension).","","","","","","","",,,,,"",,,,"BackboneElement.modifierExtension",0,*,"ele-1
","ele-1:All FHIR elements must have a @value or children {hasValue() or (children().count() > id.count())}
ext-1:Must have either extensions or value[x], not both {extension.exists() != value.exists()}","n/a","N/A"
"Bundle.entry:CodedIndustryAndOccupation.request.method","Bundle.entry.request.method","","","",1,1,"","","Y","code {[]} {[]}
","GET | HEAD | POST | PUT | DELETE | PATCH","In a transaction or batch, this is the HTTP action to be executed for this entry. In a history bundle, this indicates the HTTP action that occurred.","Note that FHIR strings SHALL NOT exceed 1MB in size","","","","","","","","",,"required","HTTP verbs (in the HTTP command line). See [HTTP rfc](https://tools.ietf.org/html/rfc7231) for details.","http://hl7.org/fhir/ValueSet/http-verb|4.0.1","",,,,"Bundle.entry.request.method",1,1,"ele-1
","ele-1:All FHIR elements must have a @value or children {hasValue() or (children().count() > id.count())}
","n/a"
"Bundle.entry:CodedIndustryAndOccupation.request.url","Bundle.entry.request.url","","","",1,1,"","","Y","uri {[]} {[]}
","URL for HTTP equivalent of this entry","The URL for this entry, relative to the root (the address to which the request is posted).","E.g. for a Patient Create, the method would be ""POST"" and the URL would be ""Patient"". For a Patient Update, the method would be PUT and the URL would be ""Patient/[id]"".","","","","","","","","",,,,,"",,,,"Bundle.entry.request.url",1,1,"ele-1
","ele-1:All FHIR elements must have a @value or children {hasValue() or (children().count() > id.count())}
","n/a"
"Bundle.entry:CodedIndustryAndOccupation.request.ifNoneMatch","Bundle.entry.request.ifNoneMatch","","","",0,1,"","","Y","string {[]} {[]}
","For managing cache currency","If the ETag values match, return a 304 Not Modified status. See the API documentation for [""Conditional Read""](http://hl7.org/fhir/R4/http.html#cread).","Note that FHIR strings SHALL NOT exceed 1MB in size","","","","","","","","",,,,,"",,,,"Bundle.entry.request.ifNoneMatch",0,1,"ele-1
","ele-1:All FHIR elements must have a @value or children {hasValue() or (children().count() > id.count())}
","n/a"
"Bundle.entry:CodedIndustryAndOccupation.request.ifModifiedSince","Bundle.entry.request.ifModifiedSince","","","",0,1,"","","Y","instant {[]} {[]}
","For managing cache currency","Only perform the operation if the last updated date matches. See the API documentation for [""Conditional Read""](http://hl7.org/fhir/R4/http.html#cread).","Note: This is intended for where precisely observed times are required, typically system logs etc., and not human-reported times - for them, see date and dateTime (which can be as precise as instant, but is not required to be) below. Time zone is always required","","","","","","","","",,,,,"",,,,"Bundle.entry.request.ifModifiedSince",0,1,"ele-1
","ele-1:All FHIR elements must have a @value or children {hasValue() or (children().count() > id.count())}
","n/a"
"Bundle.entry:CodedIndustryAndOccupation.request.ifMatch","Bundle.entry.request.ifMatch","","","",0,1,"","","Y","string {[]} {[]}
","For managing update contention","Only perform the operation if the Etag value matches. For more information, see the API section [""Managing Resource Contention""](http://hl7.org/fhir/R4/http.html#concurrency).","Note that FHIR strings SHALL NOT exceed 1MB in size","","","","","","","","",,,,,"",,,,"Bundle.entry.request.ifMatch",0,1,"ele-1
","ele-1:All FHIR elements must have a @value or children {hasValue() or (children().count() > id.count())}
","n/a"
"Bundle.entry:CodedIndustryAndOccupation.request.ifNoneExist","Bundle.entry.request.ifNoneExist","","","",0,1,"","","Y","string {[]} {[]}
","For conditional creates","Instruct the server not to perform the create if a specified resource already exists. For further information, see the API documentation for [""Conditional Create""](http://hl7.org/fhir/R4/http.html#ccreate). This is just the query portion of the URL - what follows the ""?"" (not including the ""?"").","Note that FHIR strings SHALL NOT exceed 1MB in size","","","","","","","","",,,,,"",,,,"Bundle.entry.request.ifNoneExist",0,1,"ele-1
","ele-1:All FHIR elements must have a @value or children {hasValue() or (children().count() > id.count())}
","n/a"
"Bundle.entry:CodedIndustryAndOccupation.response","Bundle.entry.response","","","",0,1,"","","Y","BackboneElement {[]} {[]}
","Results of execution (transaction/batch/history)","Indicates the results of processing the corresponding 'request' entry in the batch or transaction being responded to or what the results of an operation where when returning history.","","","","","","","","","",,,,,"",,,,"Bundle.entry.response",0,1,"ele-1
bdl-4","ele-1:All FHIR elements must have a @value or children {hasValue() or (children().count() > id.count())}
","n/a"
"Bundle.entry:CodedIndustryAndOccupation.response.id","Bundle.entry.response.id","","","",0,1,"","","","string {[]} {[]}
","Unique id for inter-element referencing","Unique id for the element within a resource (for internal references). This may be any string value that does not contain spaces.","","","","","","","","","",,,,,"",,,,"Element.id",0,1,"","","n/a"
"Bundle.entry:CodedIndustryAndOccupation.response.extension","Bundle.entry.response.extension","","extensions
user content","",0,*,"","","","Extension {[]} {[]}
","Additional content defined by implementations","May be used to represent additional information that is not part of the basic definition of the element. To make the use of extensions safe and manageable, there is a strict set of governance  applied to the definition and use of extensions. Though any implementer can define an extension, there is a set of requirements that SHALL be met as part of the definition of the extension.","There can be no stigma associated with the use of extensions by any application, project, or standard - regardless of the institution or jurisdiction that uses or defines the extensions.  The use of extensions is what allows the FHIR specification to retain a core level of simplicity for everyone.","","","","","","","","",,,,,"","value:url}
","Extensions are always sliced by (at least) url",,"open","Element.extension",0,*,"ele-1
","ele-1:All FHIR elements must have a @value or children {hasValue() or (children().count() > id.count())}
ext-1:Must have either extensions or value[x], not both {extension.exists() != value.exists()}","n/a","N/A"
"Bundle.entry:CodedIndustryAndOccupation.response.modifierExtension","Bundle.entry.response.modifierExtension","","extensions
user contentmodifiers","",0,*,"","Y","Y","Extension {[]} {[]}
","Extensions that cannot be ignored even if unrecognized","May be used to represent additional information that is not part of the basic definition of the element and that modifies the understanding of the element in which it is contained and/or the understanding of the containing element's descendants. Usually modifier elements provide negation or qualification. To make the use of extensions safe and manageable, there is a strict set of governance applied to the definition and use of extensions. Though any implementer can define an extension, there is a set of requirements that SHALL be met as part of the definition of the extension. Applications processing a resource are required to check for modifier extensions.

Modifier extensions SHALL NOT change the meaning of any elements on Resource or DomainResource (including cannot change the meaning of modifierExtension itself).","There can be no stigma associated with the use of extensions by any application, project, or standard - regardless of the institution or jurisdiction that uses or defines the extensions.  The use of extensions is what allows the FHIR specification to retain a core level of simplicity for everyone.","Modifier extensions allow for extensions that *cannot* be safely ignored to be clearly distinguished from the vast majority of extensions which can be safely ignored.  This promotes interoperability by eliminating the need for implementers to prohibit the presence of extensions. For further information, see the [definition of modifier extensions](http://hl7.org/fhir/R4/extensibility.html#modifierExtension).","","","","","","","",,,,,"",,,,"BackboneElement.modifierExtension",0,*,"ele-1
","ele-1:All FHIR elements must have a @value or children {hasValue() or (children().count() > id.count())}
ext-1:Must have either extensions or value[x], not both {extension.exists() != value.exists()}","n/a","N/A"
"Bundle.entry:CodedIndustryAndOccupation.response.status","Bundle.entry.response.status","","","",1,1,"","","Y","string {[]} {[]}
","Status response code (text optional)","The status code returned by processing this entry. The status SHALL start with a 3 digit HTTP code (e.g. 404) and may contain the standard HTTP description associated with the status code.","Note that FHIR strings SHALL NOT exceed 1MB in size","","","","","","","","",,,,,"",,,,"Bundle.entry.response.status",1,1,"ele-1
","ele-1:All FHIR elements must have a @value or children {hasValue() or (children().count() > id.count())}
","n/a"
"Bundle.entry:CodedIndustryAndOccupation.response.location","Bundle.entry.response.location","","","",0,1,"","","Y","uri {[]} {[]}
","The location (if the operation returns a location)","The location header created by processing this operation, populated if the operation returns a location.","see http://en.wikipedia.org/wiki/Uniform_resource_identifier","","","","","","","","",,,,,"",,,,"Bundle.entry.response.location",0,1,"ele-1
","ele-1:All FHIR elements must have a @value or children {hasValue() or (children().count() > id.count())}
","n/a"
"Bundle.entry:CodedIndustryAndOccupation.response.etag","Bundle.entry.response.etag","","","",0,1,"","","Y","string {[]} {[]}
","The Etag for the resource (if relevant)","The Etag for the resource, if the operation for the entry produced a versioned resource (see [Resource Metadata and Versioning](http://hl7.org/fhir/R4/http.html#versioning) and [Managing Resource Contention](http://hl7.org/fhir/R4/http.html#concurrency)).","Etags match the Resource.meta.versionId. The ETag has to match the version id in the header if a resource is included.","","","","","","","","",,,,,"",,,,"Bundle.entry.response.etag",0,1,"ele-1
","ele-1:All FHIR elements must have a @value or children {hasValue() or (children().count() > id.count())}
","n/a"
"Bundle.entry:CodedIndustryAndOccupation.response.lastModified","Bundle.entry.response.lastModified","","","",0,1,"","","Y","instant {[]} {[]}
","Server's date time modified","The date/time that the resource was modified on the server.","This has to match the same time in the meta header (meta.lastUpdated) if a resource is included.","","","","","","","","",,,,,"",,,,"Bundle.entry.response.lastModified",0,1,"ele-1
","ele-1:All FHIR elements must have a @value or children {hasValue() or (children().count() > id.count())}
","n/a"
"Bundle.entry:CodedIndustryAndOccupation.response.outcome","Bundle.entry.response.outcome","","","",0,1,"","","Y","Resource {[]} {[]}
","OperationOutcome with hints and warnings (for batch/transaction)","An OperationOutcome containing hints and warnings produced as part of processing this entry in a batch or transaction.","For a POST/PUT operation, this is the equivalent outcome that would be returned for prefer = operationoutcome - except that the resource is always returned whether or not the outcome is returned.

This outcome is not used for error responses in batch/transaction, only for hints and warnings. In a batch operation, the error will be in Bundle.entry.response, and for transaction, there will be a single OperationOutcome instead of a bundle in the case of an error.","","","","","","","","",,,,,"",,,,"Bundle.entry.response.outcome",0,1,"","","Entity. Role, or Act"
"Bundle.signature","Bundle.signature","","","",0,1,"","","Y","Signature {[]} {[]}
","Digital Signature","Digital Signature - base64 encoded. XML-DSig or a JWT.","The signature could be created by the ""author"" of the bundle or by the originating device.   Requirements around inclusion of a signature, verification of signatures and treatment of signed/non-signed bundles is implementation-environment specific.","A Signature holds an electronic representation of a signature and its supporting context in a FHIR accessible form. The signature may either be a cryptographic type (XML DigSig or a JWS), which is able to provide non-repudiation proof, or it may be a graphical image that represents a signature or a signature process. This element allows capturing signatures on documents, messages, transactions or even search responses, to support content-authentication, non-repudiation or other business cases. This is primarily relevant where the bundle may travel through multiple hops or via other mechanisms where HTTPS non-repudiation is insufficient.","","","","","","","",,,,,"",,,,"Bundle.signature",0,1,"ele-1
","ele-1:All FHIR elements must have a @value or children {hasValue() or (children().count() > id.count())}
","n/a","N/A"
